id,sex,age,chd,sbp160
6027,1,57,0,0
6105,2,54,1,1
5871,1,60,1,0
5823,1,54,1,1
4208,1,52,1,0
5050,1,54,0,1
4714,1,53,1,0
3900,1,57,1,0
6432,1,47,1,0
5659,1,46,1,1
3551,1,45,0,0
6196,1,56,0,0
5214,1,51,1,0
5861,1,60,1,1
6143,1,56,0,0
4114,1,48,0,0
5791,1,56,0,0
5300,1,56,0,0
4146,1,45,0,0
3853,1,51,0,0
3640,1,50,0,0
3648,1,46,0,0
4281,1,56,1,0
5565,1,59,0,0
3943,1,58,1,0
3850,1,50,0,1
3901,1,57,0,0
6248,1,53,0,0
5805,1,45,0,0
4426,1,49,0,0
4687,1,48,0,0
5736,1,50,0,0
6362,1,61,1,0
6179,1,45,1,0
4891,1,45,0,0
3150,1,46,0,0
3192,1,45,1,0
3088,1,58,1,0
6088,1,50,0,0
6327,1,60,0,0
3413,1,46,1,0
5926,1,61,1,0
4373,1,50,1,1
5042,1,58,0,0
5620,1,49,0,0
5166,1,60,0,0
5921,1,51,0,1
6231,1,58,0,0
5965,1,58,0,1
3615,1,49,0,0
5339,1,56,0,0
5373,1,46,0,0
5459,1,48,0,0
3772,1,51,0,0
5753,1,60,1,0
6227,1,47,0,0
4471,1,46,0,0
6375,1,45,0,0
6211,1,46,0,0
5261,1,50,0,0
6272,1,55,1,0
4265,1,46,0,1
4538,1,59,0,0
5356,1,54,1,0
3703,1,48,0,1
4188,1,45,0,0
4995,1,61,1,0
4592,1,58,0,0
5493,1,58,0,0
4179,1,56,0,0
6063,1,52,0,0
5969,1,46,1,1
5558,1,55,0,0
4647,1,51,0,0
6152,1,55,0,0
3821,1,46,0,0
5242,1,48,0,0
3034,1,53,1,1
5663,1,49,0,0
3354,1,49,0,0
4668,1,60,0,1
4462,1,51,0,0
3057,1,47,0,0
4407,1,46,1,0
5097,1,54,0,0
3337,1,53,1,0
4854,1,57,1,0
6366,1,56,0,1
5634,1,46,0,0
4004,1,51,0,0
5893,1,54,1,0
3877,1,59,0,0
4477,1,52,0,0
5748,1,58,1,0
3985,1,52,0,0
3470,1,54,1,0
3941,1,47,1,0
3995,1,47,0,0
3855,1,46,0,0
4178,1,60,0,1
4410,1,53,0,0
5750,1,51,0,0
5063,1,60,1,0
5891,1,47,0,1
6266,1,47,1,0
4775,1,58,0,0
5154,1,52,0,0
5981,1,59,0,1
4689,1,61,1,1
4458,1,57,0,0
4357,1,57,1,0
6268,1,52,1,1
4022,1,46,1,0
4308,1,51,0,0
3676,1,45,0,0
5983,1,51,0,1
5002,1,53,1,0
5221,1,51,0,0
3290,1,50,0,0
6382,1,46,0,0
5927,1,48,0,0
3896,1,61,0,0
3092,1,50,0,0
3176,1,59,1,0
4324,1,46,1,0
5842,1,57,1,1
5695,1,51,0,0
5034,1,48,0,1
4226,1,50,0,1
3571,1,51,1,0
5536,1,54,0,1
3123,1,59,0,0
5925,1,46,0,0
6162,1,46,0,0
5322,1,45,1,0
6369,1,51,0,0
5320,1,48,0,0
3070,1,48,0,0
3263,1,58,0,0
6258,1,46,1,0
3320,1,58,1,0
6191,1,55,0,0
6223,1,60,0,0
5429,1,55,0,0
5937,1,55,0,0
4013,1,58,0,0
5198,1,56,1,0
4614,1,59,0,0
3012,1,50,0,0
3986,1,50,0,1
3799,1,52,1,0
4842,1,52,0,0
3554,1,45,0,0
4977,1,47,0,0
3530,1,46,0,0
4349,1,56,1,0
3433,1,52,0,0
5386,1,60,0,0
4974,1,60,0,0
5578,1,56,1,1
5944,1,60,0,0
6250,1,59,1,0
5905,1,54,0,0
5711,1,50,0,0
4192,1,52,1,0
4880,1,46,1,0
3378,1,47,0,0
5437,1,58,0,0
5540,1,60,0,0
5454,1,60,1,1
2076,1,53,0,0
4686,1,50,1,0
4292,1,47,0,0
5475,1,59,1,0
4909,1,46,0,0
6202,1,45,0,0
3953,1,45,0,0
3500,1,60,1,1
5409,1,60,0,1
3937,1,55,0,0
3570,1,51,0,0
6155,1,47,0,0
4253,1,50,0,0
4313,1,47,0,0
6254,1,57,1,0
3326,1,47,0,0
5337,1,52,0,0
5035,1,49,0,0
4994,1,46,0,0
3288,1,51,0,0
3581,1,50,0,0
5105,1,54,1,1
5586,1,56,0,0
5888,1,53,0,0
6238,1,47,0,0
3601,1,56,1,1
3268,1,55,0,0
4571,1,50,0,0
6002,1,61,0,0
6377,1,59,0,0
5988,1,59,0,0
6065,1,47,1,0
5527,1,47,0,0
5255,1,46,0,1
4805,1,57,0,0
3350,1,45,0,0
4685,1,49,1,1
4106,1,57,0,0
6352,1,60,0,0
5361,1,53,0,1
3822,1,45,1,0
5190,1,56,1,1
6193,1,56,0,0
5160,1,45,0,0
5568,1,58,0,0
4875,1,51,0,0
4510,1,45,0,0
4987,1,60,0,0
5991,1,54,0,1
4371,1,57,0,0
4452,1,60,0,0
3379,1,45,0,0
3729,1,54,0,0
4809,1,45,1,0
2949,1,57,0,0
5347,1,46,0,0
6157,1,61,0,0
5884,1,60,0,0
4305,1,52,1,1
5501,1,56,0,1
3369,1,52,0,0
6428,1,49,0,0
4540,1,48,1,0
6115,1,51,1,0
5499,1,53,0,0
6423,1,52,0,0
6124,1,46,0,0
3204,1,45,0,0
3669,1,48,1,0
3892,1,55,1,0
3067,1,48,0,0
3072,1,55,0,0
5556,1,47,0,0
4998,1,52,0,0
3042,1,57,0,0
5040,1,58,0,1
4840,1,51,0,0
5646,1,57,0,0
3633,1,55,1,0
3324,1,52,1,0
6399,1,47,0,0
2044,1,46,0,0
4194,1,60,0,0
6440,1,49,0,0
5247,1,50,0,0
4718,1,57,0,0
4286,1,51,0,0
3958,1,52,1,1
3103,1,55,0,0
4971,1,46,0,0
2347,1,51,0,0
5846,1,47,0,0
4732,1,53,0,0
3856,1,53,0,0
3482,1,54,0,0
3359,1,49,0,0
6018,1,54,0,0
4757,1,50,1,1
4856,1,56,0,0
6345,1,57,0,0
3118,1,46,1,0
5960,1,53,0,0
4290,1,60,0,0
4866,1,49,0,0
4577,1,58,0,0
4598,1,52,0,0
6253,1,47,0,0
4254,1,54,0,0
3438,1,50,0,0
5818,1,46,0,1
3060,1,55,0,0
4519,1,51,1,0
5279,1,47,0,0
5312,1,54,0,0
2985,1,60,0,0
3635,1,51,0,0
5947,1,50,0,0
5770,1,52,1,0
6141,1,58,0,0
3800,1,60,1,1
3149,1,50,0,0
6199,1,57,1,0
4919,1,59,0,0
4796,1,48,0,0
3459,1,50,1,1
3371,1,51,0,0
3713,1,45,0,0
5593,1,46,0,0
5057,1,48,0,0
3847,1,52,0,0
3711,1,53,0,0
4659,1,58,0,0
3671,1,47,0,0
4314,1,52,0,0
3321,1,49,0,0
4739,1,46,0,0
3527,1,45,0,0
1267,1,48,0,0
3137,1,56,0,1
5367,1,45,0,0
6236,1,58,0,0
4996,1,58,0,0
5688,1,60,1,1
4627,1,48,1,0
6093,1,58,0,0
5359,1,56,0,1
6326,1,51,0,0
4673,1,47,0,0
4636,1,47,1,0
1596,1,56,1,0
4161,1,47,0,0
3526,1,52,0,0
5445,1,57,0,0
5563,1,49,0,0
5673,1,54,1,1
5093,1,50,0,0
6071,1,45,0,0
6187,1,53,0,0
3709,1,45,0,0
5365,1,51,0,0
3049,1,50,0,0
4819,1,52,1,0
5123,1,60,0,0
5537,1,54,0,0
5606,1,45,0,1
5653,1,46,0,0
5458,1,54,1,1
6128,1,55,0,1
3924,1,45,0,0
1831,1,52,1,0
4683,1,48,0,0
4945,1,47,0,1
3861,1,58,1,0
5989,1,47,0,0
5725,1,53,0,0
4187,1,50,0,0
3614,1,59,0,0
3302,1,57,0,1
6228,1,45,0,0
5655,1,59,0,0
6331,1,48,1,0
4080,1,54,1,0
3322,1,57,1,1
3891,1,48,0,0
3625,1,47,1,0
6414,1,46,0,0
6037,1,46,0,0
4475,1,57,0,0
5594,1,54,0,0
5757,1,55,0,0
4779,1,47,1,0
4391,1,55,0,0
4701,1,55,0,1
3988,1,49,0,1
3392,1,45,0,0
4888,1,48,1,1
3839,1,45,0,1
5618,1,57,1,1
4269,1,48,0,0
3332,1,56,0,0
5623,1,54,0,0
5077,1,53,1,0
5225,1,54,0,0
6332,1,49,0,0
3305,1,52,0,0
6116,1,56,1,0
5217,1,61,0,0
6355,1,57,1,1
5712,1,46,0,0
5031,1,53,0,1
5987,1,57,0,1
6337,1,48,1,0
5357,1,51,0,0
5849,1,49,1,1
4347,1,60,0,0
3606,1,61,1,0
5787,1,52,0,0
4455,1,57,0,0
4760,1,54,0,0
4057,1,61,1,0
3075,1,47,0,0
4262,1,50,0,0
3548,1,54,0,0
5189,1,46,1,1
5544,1,61,0,0
5260,1,57,0,0
3361,1,47,0,0
5775,1,55,0,0
5434,1,56,0,0
5832,1,51,0,1
4404,1,47,0,0
3828,1,58,0,1
5734,1,56,0,0
5027,1,49,0,1
4277,1,50,1,0
6411,1,53,0,0
4454,1,57,0,0
5494,1,56,0,0
4801,1,60,1,0
2956,1,56,0,0
5025,1,53,1,0
3360,1,57,0,0
4303,1,50,1,0
4420,1,47,0,1
6246,1,52,0,0
3999,1,48,0,0
3259,1,48,0,0
3894,1,47,0,0
6224,1,45,0,0
6299,1,60,0,0
3050,1,49,0,0
4234,1,53,0,0
5327,1,46,0,1
5185,1,59,1,0
3505,1,49,0,0
3727,1,50,0,0
4916,1,54,0,0
4123,1,47,0,1
4658,1,45,0,0
3790,1,48,0,0
6256,1,57,0,0
5220,1,52,1,0
4724,1,48,0,0
3226,1,53,0,0
3065,1,56,0,0
5441,1,53,0,0
5015,1,49,1,0
5577,1,58,0,0
5959,1,51,0,0
5468,1,46,0,0
4009,1,45,0,0
3395,1,52,0,1
6216,1,45,0,0
4782,1,50,1,0
4985,1,60,0,1
6283,1,60,0,0
4662,1,56,1,1
2184,1,58,1,0
6033,1,46,1,0
4810,1,46,0,0
5173,1,52,1,1
4641,1,52,0,0
5532,1,52,0,1
4499,1,46,0,0
4582,1,56,0,0
5377,1,60,0,0
6208,1,52,0,0
4141,1,52,0,0
4388,1,55,0,0
3325,1,53,0,0
4099,1,54,0,0
6296,1,61,0,1
3857,1,53,0,0
5209,1,56,0,0
4609,1,48,0,0
4903,1,57,1,0
3830,1,58,0,1
5491,1,49,0,0
2794,1,48,0,0
5637,1,48,0,0
3294,1,48,1,0
6044,1,58,0,0
3872,1,60,0,0
4892,1,57,1,1
4429,1,56,0,0
4294,1,56,0,0
4798,1,55,1,0
3074,1,55,0,0
4488,1,47,1,1
4411,1,49,0,0
4056,1,46,0,0
3836,1,54,0,0
5721,1,59,0,1
5207,1,53,0,0
5525,1,60,0,0
5066,1,59,1,1
5479,1,61,0,0
6129,1,47,1,0
5632,1,57,1,1
4579,1,60,0,0
5843,1,45,0,0
6126,1,48,0,1
4813,1,59,1,1
4495,1,53,0,0
5975,1,59,0,0
3329,1,52,0,0
3851,1,47,1,1
4132,1,51,0,0
4010,1,54,1,1
6300,1,61,1,0
4895,1,52,1,0
5418,1,50,0,1
5471,1,45,0,0
4482,1,52,0,0
5273,1,53,0,0
5091,1,58,1,1
3387,1,45,0,0
4561,1,51,0,0
4710,1,50,0,0
6153,1,45,0,1
5476,1,56,1,1
3254,1,59,0,0
5395,1,48,1,0
4445,1,53,0,0
6241,1,55,0,0
5681,1,45,0,0
4982,1,55,0,0
3945,1,59,0,0
4317,1,58,1,1
4860,1,54,0,1
4911,1,45,1,0
5798,1,50,0,1
4883,1,59,0,0
5706,1,47,0,0
5599,1,56,1,0
5977,1,47,0,0
4616,1,53,0,0
4169,1,46,0,0
4901,1,45,0,1
4839,1,51,0,0
3416,1,51,0,0
4233,1,55,0,0
3990,1,50,0,0
2973,1,50,0,0
5408,1,54,1,0
6023,1,46,1,0
4198,1,45,0,0
5308,1,48,0,0
6341,1,48,0,0
5574,1,55,1,1
5806,1,57,0,0
6106,1,58,0,0
6380,1,55,0,0
5868,1,45,1,0
6163,1,54,0,1
4183,1,56,0,1
5708,1,54,0,0
1952,1,52,1,0
3227,1,51,0,0
3452,1,49,1,0
5693,1,51,0,1
6204,1,54,1,1
1081,1,48,0,0
4474,1,62,0,0
5436,1,46,0,0
5794,1,53,1,1
6045,1,52,0,0
5172,1,57,0,0
4264,1,45,0,0
4085,1,50,0,0
3316,1,45,1,0
5786,1,62,0,0
1407,1,55,0,0
5666,1,54,0,0
1215,1,50,0,0
5179,1,52,0,0
4771,1,51,0,0
4749,1,59,0,1
5505,1,48,0,0
5397,1,46,0,1
3239,1,50,1,0
3899,1,54,0,0
3030,1,51,0,0
3199,1,53,0,0
6280,1,50,0,1
4898,1,60,0,0
4534,1,52,0,1
5930,1,60,1,0
5649,1,55,0,0
4644,1,45,1,1
6267,1,58,0,0
6200,1,57,1,0
4788,1,58,0,0
6430,1,58,0,0
3789,1,56,0,0
3507,1,59,0,0
3477,1,58,0,0
4634,1,56,1,0
3330,1,60,0,0
3143,1,46,0,0
3253,1,52,0,0
3078,1,49,0,1
3573,1,60,0,0
5431,1,46,0,0
5924,1,51,0,0
5761,1,52,0,0
6383,1,58,0,0
3970,1,55,0,1
5222,1,54,0,1
5909,1,59,1,0
6260,1,57,0,0
5883,1,49,0,0
6367,1,56,0,0
5410,1,58,1,0
5449,1,48,0,0
3782,1,52,1,0
4328,1,46,0,0
4766,1,49,0,0
6181,1,48,0,0
4694,1,48,0,0
3795,1,59,1,0
6244,1,53,1,0
5741,1,57,0,0
4440,1,49,1,0
5488,1,57,0,0
5956,1,54,0,0
6176,1,54,0,0
6239,1,55,1,0
5853,1,55,0,1
6090,1,54,0,1
5443,1,51,0,0
5301,1,53,1,0
5528,1,56,0,0
5747,1,47,0,0
6235,1,60,0,0
4126,1,59,1,0
6043,1,50,1,0
4066,1,59,1,1
3131,1,47,0,0
5385,1,53,0,0
3972,1,45,0,0
6262,1,58,1,0
4157,1,46,0,0
6237,1,59,0,0
3024,1,51,1,0
4182,1,57,0,1
3209,1,52,0,0
2632,1,52,0,0
5210,1,51,0,0
3771,1,49,0,0
3656,1,45,0,0
6434,1,59,1,0
3677,1,60,1,0
5415,1,49,1,0
3931,2,57,0,0
4964,2,54,0,1
5419,2,46,0,0
3026,2,49,0,0
3768,2,55,0,1
4205,2,45,0,0
4312,2,47,0,0
5845,2,59,0,0
3602,2,54,0,0
6291,2,45,1,0
5970,2,50,0,0
5738,2,62,0,1
3367,2,49,0,0
3890,2,52,0,0
3146,2,45,0,0
6308,2,62,0,1
4421,2,58,1,1
5275,2,45,0,1
3976,2,46,0,0
4936,2,45,0,0
5636,2,49,0,1
4759,2,49,0,0
5378,2,48,0,0
6175,2,52,0,0
4451,2,54,1,1
3323,2,58,0,0
3833,2,47,0,1
4494,2,52,0,1
5021,2,60,0,1
5569,2,61,0,0
6130,2,48,0,0
3569,2,54,0,1
3338,2,57,0,0
4118,2,50,0,0
6215,2,59,1,1
4258,2,50,0,1
4145,2,57,0,1
3634,2,47,0,0
4249,2,56,0,0
4225,2,46,0,0
5751,2,49,0,0
4232,2,52,0,0
4762,2,56,0,0
3333,2,55,0,0
4209,2,52,0,0
5006,2,60,0,1
3414,2,45,0,0
4599,2,46,0,1
5079,2,54,0,0
4747,2,58,0,1
4578,2,56,0,1
6092,2,54,0,0
4156,2,56,0,0
5723,2,53,0,0
4019,2,55,0,0
4345,2,47,0,0
5085,2,55,0,0
4566,2,55,0,0
4320,2,51,0,0
4377,2,52,0,0
3270,2,46,0,0
6012,2,60,0,1
5248,2,48,0,0
5628,2,53,1,1
2942,2,52,0,0
6395,2,50,0,0
3083,2,55,0,0
6333,2,55,0,0
2974,2,52,0,0
3476,2,54,0,0
6074,2,56,0,0
6418,2,58,1,1
4876,2,59,0,1
6394,2,53,0,0
4084,2,47,0,0
5860,2,56,1,1
6303,2,49,1,1
3440,2,45,0,1
3499,2,59,1,0
5376,2,56,0,1
4672,2,45,0,1
5675,2,55,0,0
5579,2,45,0,0
3921,2,55,1,1
3370,2,48,0,0
6031,2,54,0,0
4926,2,53,0,0
5776,2,50,0,0
4818,2,47,0,0
5162,2,52,0,1
5287,2,54,0,1
3434,2,47,0,0
3922,2,51,0,0
6427,2,45,0,0
6076,2,55,0,0
1123,2,45,0,0
5597,2,57,0,0
5444,2,51,1,0
4186,2,53,0,0
3840,2,48,0,0
1792,2,48,0,0
4425,2,47,0,0
3708,2,45,0,0
5026,2,46,0,0
3409,2,45,0,0
3662,2,58,0,1
4899,2,57,1,0
4133,2,56,0,1
3565,2,45,0,0
3618,2,56,0,1
5216,2,61,1,1
5936,2,50,0,0
3808,2,51,0,0
6119,2,51,0,0
1619,2,54,0,0
5999,2,46,0,1
5749,2,45,0,0
3262,2,54,0,0
3748,2,56,0,1
5520,2,62,1,0
5726,2,46,0,0
6151,2,53,0,1
3835,2,50,1,0
4893,2,55,0,0
3974,2,51,0,1
4378,2,50,0,0
5754,2,56,1,1
3998,2,48,0,1
3481,2,55,0,0
3388,2,57,1,0
3269,2,51,0,0
5526,2,45,0,0
2975,2,50,0,0
3301,2,59,0,0
5901,2,56,0,1
4147,2,59,0,1
3823,2,49,1,1
5587,2,59,0,1
6046,2,59,0,0
5012,2,56,1,1
4355,2,52,0,0
5913,2,46,0,0
4965,2,58,0,0
4823,2,45,0,1
3555,2,55,0,1
5717,2,46,0,0
3984,2,47,1,1
4273,2,60,0,0
6353,2,57,1,1
6347,2,57,0,0
5517,2,57,0,0
3944,2,50,0,1
5230,2,59,0,0
5899,2,52,0,0
5053,2,47,0,0
5366,2,50,1,0
3867,2,55,1,1
5980,2,50,0,0
4444,2,51,0,0
5075,2,59,0,0
3448,2,46,0,0
5254,2,45,0,1
3228,2,55,0,0
4927,2,59,0,0
2760,2,50,0,0
5826,2,45,0,0
5797,2,55,0,0
4503,2,45,1,0
3773,2,49,0,0
4853,2,54,0,1
3710,2,56,0,0
5065,2,58,0,1
5746,2,56,0,0
4216,2,54,0,1
3210,2,60,0,0
4817,2,58,0,1
4160,2,48,0,0
4702,2,58,0,0
4858,2,50,0,0
4325,2,51,1,1
4287,2,54,1,1
5801,2,61,0,0
6028,2,55,0,0
4925,2,53,0,0
5469,2,56,0,0
4914,2,45,0,0
4316,2,56,0,1
5130,2,60,0,1
5157,2,58,0,0
6359,2,58,0,0
3585,2,52,0,0
4016,2,57,0,0
4025,2,52,0,0
6189,2,60,0,0
4442,2,48,0,0
4928,2,47,0,0
1070,2,45,0,0
6251,2,45,0,0
3160,2,59,0,0
4191,2,49,0,0
4322,2,57,0,1
3912,2,57,0,0
3956,2,51,0,0
5543,2,52,1,0
3468,2,53,0,1
5024,2,50,0,0
4238,2,47,0,0
4428,2,54,1,0
3208,2,52,0,0
4923,2,51,0,0
4473,2,52,0,0
3073,2,45,0,0
5382,2,51,0,0
5575,2,52,0,1
5529,2,49,0,0
5560,2,57,0,0
4956,2,58,0,1
5830,2,51,0,0
5433,2,53,0,0
5966,2,59,0,1
4863,2,53,0,0
5581,2,46,0,0
5448,2,52,0,0
4107,2,61,0,0
6271,2,51,0,0
3411,2,54,0,1
4715,2,48,0,1
4720,2,60,0,1
4783,2,52,0,0
4415,2,59,0,0
4520,2,58,1,1
5208,2,49,0,1
4430,2,51,0,0
3905,2,56,0,1
4110,2,50,0,0
6403,2,61,0,0
5482,2,54,0,0
5159,2,45,0,1
5306,2,58,1,1
3780,2,48,0,0
3515,2,54,1,1
5916,2,49,0,1
3852,2,50,0,1
5017,2,49,0,1
3147,2,47,0,0
4743,2,56,0,1
5855,2,52,0,0
4185,2,56,0,1
3967,2,57,0,0
3509,2,58,0,0
3751,2,52,1,1
5641,2,61,0,0
5744,2,57,0,0
4449,2,46,0,0
5188,2,49,0,0
3063,2,55,1,1
4976,2,50,1,1
4235,2,47,0,0
3355,2,49,0,0
3425,2,53,0,0
4865,2,48,0,0
6442,2,51,0,0
4633,2,54,0,0
5661,2,49,0,0
3897,2,45,0,0
3764,2,60,0,0
5109,2,49,0,0
5745,2,55,0,0
4959,2,61,0,1
4628,2,47,0,0
4593,2,60,0,1
4802,2,58,0,0
6201,2,57,1,0
4516,2,50,0,1
2235,2,55,0,0
4841,2,50,0,0
6148,2,55,0,0
5473,2,59,1,1
5521,2,60,0,0
4200,2,58,0,0
4963,2,58,0,0
4405,2,57,0,0
6192,2,50,0,1
6252,2,58,1,0
3674,2,49,0,1
3792,2,54,1,1
6317,2,61,0,0
5592,2,46,0,0
3871,2,48,0,1
4990,2,49,0,0
3041,2,56,0,1
4361,2,49,0,0
6365,2,48,1,0
5001,2,50,0,0
5184,2,58,0,1
4621,2,51,0,0
3549,2,54,0,0
4229,2,52,0,0
3405,2,55,0,1
4285,2,48,0,0
4097,2,58,0,1
5199,2,60,0,0
4932,2,50,0,0
3306,2,49,0,0
5608,2,55,0,1
3831,2,55,0,1
6120,2,61,1,0
3108,2,46,0,0
5020,2,46,0,0
3474,2,52,0,1
3001,2,60,0,1
5439,2,59,0,1
6127,2,56,0,0
3595,2,59,1,1
6222,2,62,0,0
4713,2,51,0,0
5045,2,58,1,0
4152,2,45,0,0
6205,2,59,0,0
4897,2,60,0,1
4698,2,45,0,0
3154,2,59,0,0
4902,2,57,0,0
5769,2,45,0,0
5631,2,55,0,1
5457,2,52,0,0
4154,2,52,0,0
5785,2,52,0,1
5498,2,45,0,0
3230,2,49,0,0
4293,2,55,0,0
6050,2,50,0,0
6114,2,51,0,0
6084,2,61,0,0
5917,2,57,1,1
2976,2,52,0,0
6145,2,49,0,0
3781,2,52,0,0
3564,2,58,0,0
3556,2,50,0,0
5530,2,57,0,0
5285,2,56,1,1
5451,2,51,1,1
4350,2,47,0,0
3488,2,57,1,0
1452,2,45,0,0
4970,2,46,0,0
5213,2,48,0,0
2971,2,52,0,0
3724,2,58,0,0
5918,2,62,0,0
5224,2,47,0,0
6008,2,60,0,0
5227,2,56,0,0
3578,2,55,1,0
4731,2,48,0,0
5892,2,49,0,0
4508,2,50,0,1
5722,2,53,0,1
5724,2,46,1,0
5735,2,45,0,0
5195,2,58,1,0
6309,2,56,0,0
1956,2,57,0,0
5299,2,52,0,1
3052,2,48,0,1
2955,2,45,0,0
5822,2,51,0,0
5317,2,49,0,0
5619,2,51,0,1
5890,2,52,0,1
5915,2,48,0,1
4968,2,51,0,0
5056,2,52,0,0
6061,2,46,0,0
4758,2,60,0,0
3909,2,55,0,0
3907,2,54,0,0
4784,2,54,0,0
5696,2,57,0,0
2345,2,47,0,0
4896,2,54,1,1
5486,2,47,0,0
5828,2,49,0,1
5955,2,50,0,1
4367,2,45,0,0
3728,2,48,0,0
4498,2,45,0,0
4515,2,59,1,1
3923,2,45,0,0
3381,2,56,0,0
5665,2,56,0,0
6053,2,60,0,0
4487,2,54,0,0
4304,2,50,0,0
5714,2,46,0,0
4284,2,50,0,0
4193,2,50,0,0
4348,2,59,0,0
6011,2,51,0,0
3865,2,46,0,0
5041,2,57,1,1
3915,2,50,0,0
5177,2,55,1,0
4787,2,45,0,0
5880,2,47,1,1
5323,2,48,0,0
5464,2,55,0,1
1462,2,58,1,0
5092,2,51,1,0
5197,2,53,1,1
4020,2,46,0,1
4717,2,54,0,1
4581,2,48,0,0
5793,2,54,1,1
3449,2,50,0,0
6315,2,51,0,0
3989,2,48,0,0
4280,2,45,0,0
4559,2,56,0,0
5900,2,52,0,0
5094,2,46,0,0
5452,2,54,0,1
3138,2,51,0,1
3336,2,55,0,0
4272,2,56,0,0
3077,2,45,0,0
5993,2,54,0,0
6056,2,55,0,0
3424,2,59,0,0
5150,2,46,0,0
5829,2,53,0,1
6146,2,57,0,1
4797,2,56,1,0
3811,2,50,0,0
5680,2,49,0,0
3238,2,49,0,0
2996,2,54,0,0
4196,2,54,0,1
5262,2,57,0,1
3868,2,47,1,1
4812,2,45,0,0
5562,2,50,0,0
5487,2,46,0,1
3731,2,49,0,1
3383,2,46,0,0
3632,2,53,0,1
5561,2,52,0,0
4000,2,46,0,1
4834,2,47,0,1
5788,2,55,0,1
4245,2,45,0,0
5756,2,52,1,0
4122,2,47,0,1
5280,2,54,0,0
4453,2,53,0,1
6170,2,52,0,0
5384,2,48,0,0
4180,2,55,0,0
5219,2,51,0,1
5332,2,46,0,0
3885,2,53,0,1
4629,2,45,1,0
3592,2,48,0,0
6310,2,46,0,0
5609,2,56,0,0
3442,2,47,0,0
4889,2,46,0,0
3451,2,46,0,0
5263,2,61,0,0
4278,2,52,0,1
3807,2,55,0,0
5672,2,49,1,0
4986,2,56,0,1
3788,2,52,0,0
5014,2,51,1,1
3155,2,49,0,1
5206,2,53,0,0
2546,2,50,0,0
3617,2,53,0,1
3343,2,50,0,0
5904,2,53,0,0
5508,2,57,0,1
5895,2,58,0,0
3422,2,60,1,0
4816,2,45,0,0
3895,2,49,1,0
6329,2,48,0,0
3913,2,54,1,0
5720,2,51,0,0
4408,2,54,0,0
4978,2,56,0,0
1832,2,46,0,0
5355,2,45,0,0
3366,2,47,0,0
6376,2,54,0,0
6257,2,51,0,0
3631,2,51,0,0
2986,2,49,0,1
4011,2,45,0,0
4682,2,54,0,1
1429,2,53,0,0
3429,2,50,0,1
6081,2,62,0,0
5591,2,50,0,0
5946,2,47,1,1
3089,2,55,0,0
3712,2,51,1,0
3860,2,59,0,0
5928,2,57,0,0
3543,2,57,1,1
5920,2,54,1,0
3406,2,50,0,1
5182,2,55,0,0
4711,2,58,0,0
4438,2,45,0,0
5684,2,50,0,1
1802,2,49,0,0
6269,2,61,0,1
4999,2,50,0,0
4942,2,53,0,1
3844,2,49,0,1
3054,2,53,0,1
5760,2,56,0,0
5802,2,49,0,0
5881,2,49,1,1
4215,2,50,0,0
4993,2,47,0,0
2998,2,47,0,0
6323,2,46,0,0
5550,2,59,1,0
3613,2,57,0,1
4309,2,48,0,0
3365,2,49,0,0
4434,2,58,1,1
5958,2,47,0,0
3493,2,49,0,0
6356,2,53,0,0
6034,2,61,1,0
6101,2,51,0,0
3647,2,55,0,0
3659,2,61,1,1
4803,2,51,0,0
5004,2,54,0,0
6188,2,56,0,0
6295,2,49,0,1
4745,2,55,0,0
5700,2,54,0,0
3996,2,53,1,0
4523,2,60,0,0
3419,2,50,0,0
3027,2,59,1,1
5201,2,50,1,1
5513,2,49,0,0
6273,2,52,0,0
5284,2,49,1,0
5633,2,48,0,0
5522,2,54,0,0
3927,2,47,1,0
5303,2,61,1,1
3412,2,45,0,0
5296,2,62,0,0
1597,2,52,0,0
6085,2,50,0,1
5624,2,49,0,1
3472,2,53,0,0
4528,2,51,0,0
3166,2,56,0,0
4651,2,56,0,0
4481,2,54,0,0
5908,2,62,0,1
5557,2,52,1,0
4583,2,52,0,0
3759,2,47,1,0
3560,2,55,0,0
3266,2,52,1,0
3837,2,52,1,1
3036,2,59,0,0
6275,2,58,0,0
5783,2,47,0,0
6437,2,55,0,0
5600,2,46,0,0
4900,2,45,0,0
4463,2,45,0,0
3513,2,45,0,0
2041,2,46,0,0
4439,2,55,0,0
5417,2,53,0,1
3437,2,53,0,1
3904,2,60,0,0
4427,2,45,0,0
5887,2,49,0,0
5298,2,47,0,0
3726,2,50,0,0
5420,2,57,1,1
6022,2,48,0,0
3491,2,45,0,0
5049,2,45,0,0
6379,2,51,0,1
4129,2,48,0,0
5968,2,45,0,0
5390,2,50,0,1
5145,2,61,0,1
5535,2,58,0,0
4177,2,57,0,0
4048,2,45,0,0
4409,2,49,0,0
4339,2,59,1,1
3010,2,47,0,0
5504,2,49,0,1
2959,2,47,0,0
4716,2,58,0,1
3082,2,47,0,0
5914,2,52,0,0
4751,2,45,0,0
3608,2,56,0,0
4833,2,45,0,0
5645,2,48,0,1
5932,2,59,0,0
4493,2,49,0,0
3285,2,55,1,0
4848,2,57,1,1
5704,2,58,0,0
3604,2,52,0,0
3611,2,55,0,1
5642,2,60,0,0
5564,2,61,0,0
6007,2,48,0,1
4165,2,51,0,0
4774,2,50,0,0
3212,2,52,0,0
3609,2,52,0,0
5687,2,58,0,0
5782,2,49,0,1
5657,2,46,0,0
4969,2,61,0,0
5841,2,47,0,0
5492,2,59,1,0
3955,2,51,0,0
3980,2,48,0,0
5000,2,45,0,0
4564,2,56,0,1
3068,2,50,0,0
5344,2,51,0,0
3224,2,58,0,0
4058,2,45,0,0
5171,2,51,0,0
3467,2,47,0,0
4457,2,55,0,0
5780,2,61,1,0
3023,2,57,0,1
6385,2,57,0,0
5784,2,56,0,0
3757,2,58,0,1
4781,2,49,1,0
5163,2,48,0,0
4678,2,56,0,0
5193,2,48,0,0
5929,2,52,0,0
5167,2,54,0,1
4824,2,48,0,1
5118,2,53,0,0
4524,2,47,1,0
6311,2,50,0,1
3159,2,56,0,0
5483,2,59,0,0
3832,2,60,1,0
3514,2,48,0,0
4912,2,59,0,0
3094,2,55,0,0
6209,2,45,0,0
3071,2,52,0,0
5572,2,50,1,1
6372,2,62,0,1
5903,2,57,0,0
5259,2,56,0,0
6014,2,48,0,0
3312,2,49,0,1
5003,2,59,1,0
4695,2,49,0,0
5158,2,51,0,0
3715,2,51,0,0
3862,2,60,0,0
1565,2,48,0,0
5103,2,60,1,0
5252,2,50,0,0
5986,2,53,0,0
6010,2,57,0,0
5311,2,49,1,1
3699,2,61,0,0
5411,2,58,0,0
4096,2,54,0,0
5090,2,47,0,0
5497,2,52,1,0
5272,2,53,0,0
6429,2,59,0,0
4447,2,56,0,0
4770,2,51,0,0
6357,2,55,1,0
5407,2,51,0,0
4321,2,57,0,1
5834,2,56,0,0
5742,2,51,0,1
6021,2,52,0,0
4855,2,59,0,1
5106,2,56,0,1
4807,2,52,0,0
3736,2,59,1,1
3471,2,45,0,0
4356,2,53,0,0
3846,2,54,0,0
5098,2,55,0,1
4276,2,48,0,0
3652,2,59,0,1
3308,2,56,0,0
4125,2,47,0,0
5336,2,47,0,0
5490,2,56,1,1
3935,2,54,0,0
